{"RuleTriggered": 0, "Violations": 0, "Details": {"pin_memory": false, "num_workers": 0, "cores": 36, "dataloaders": 1, "dataloading_time": {"p25": 0.02388175, "p50": 0.024578, "p95": 0.026611849999999996, "probs": [1, 0, 0, 0, 0, 0, 0, 0, 0, 0, 0, 0, 0, 0, 0, 0, 0, 0, 0, 0, 0, 0, 0, 0, 0, 0, 0, 0, 0, 0, 0, 0, 0, 0, 0, 0, 0, 0, 0, 0, 0, 0, 0, 0, 0, 0, 0, 0, 0, 0, 0, 0, 0, 0, 0, 0, 0, 0, 0, 0, 0, 0, 0, 0, 0, 0, 0, 0, 0, 0, 0, 0, 0, 0, 0, 0, 0, 0, 0, 0, 0, 3, 0, 0, 1, 2, 0, 1, 1, 0, 0, 0, 0, 0, 0, 0, 0, 0, 0, 1], "binedges": [0.007044, 0.00725078, 0.00745756, 0.00766434, 0.00787112, 0.0080779, 0.008284679999999999, 0.00849146, 0.00869824, 0.00890502, 0.0091118, 0.00931858, 0.00952536, 0.00973214, 0.00993892, 0.0101457, 0.01035248, 0.010559260000000001, 0.010766040000000001, 0.010972820000000001, 0.011179600000000001, 0.011386380000000002, 0.011593160000000002, 0.01179994, 0.01200672, 0.0122135, 0.01242028, 0.01262706, 0.012833840000000001, 0.01304062, 0.0132474, 0.01345418, 0.01366096, 0.01386774, 0.01407452, 0.0142813, 0.01448808, 0.01469486, 0.01490164, 0.015108420000000001, 0.015315200000000001, 0.015521980000000001, 0.01572876, 0.01593554, 0.01614232, 0.0163491, 0.016555880000000002, 0.01676266, 0.016969440000000002, 0.01717622, 0.017383000000000003, 0.01758978, 0.017796560000000003, 0.01800334, 0.018210120000000003, 0.0184169, 0.018623680000000004, 0.01883046, 0.01903724, 0.01924402, 0.0194508, 0.01965758, 0.01986436, 0.02007114, 0.02027792, 0.0204847, 0.02069148, 0.020898260000000002, 0.021105040000000002, 0.021311820000000002, 0.021518600000000002, 0.021725380000000002, 0.02193216, 0.022138940000000003, 0.02234572, 0.022552500000000003, 0.02275928, 0.022966060000000003, 0.02317284, 0.023379620000000004, 0.0235864, 0.023793180000000004, 0.02399996, 0.024206740000000004, 0.02441352, 0.024620300000000005, 0.02482708, 0.025033860000000005, 0.02524064, 0.025447420000000005, 0.025654200000000002, 0.02586098, 0.026067760000000002, 0.02627454, 0.026481320000000003, 0.0266881, 0.026894880000000003, 0.02710166, 0.027308440000000003, 0.02751522, 0.027722]}}, "Datapoints": 10, "RuleParameters": "min_threshold:70\nmax_threshold:200"}